instance,algorithm,seed,evaluations,runtime_seconds,front_size,hv,igd_plus,spread
Small,NSGA-II,1826701614,10000,6.610185384750366,100,112071.65345,0.01957821727019496,292.5282
Small,NSGA-II,1367864806,10000,6.702876329421997,100,112082.08474999998,0.168338187665502,264.2632
Small,NSGA-II,1097657231,10000,6.680350065231323,100,112010.42145000001,0.02678704735376032,281.5322
Small,NSGA-II,579362555,10000,7.049920320510864,100,111875.78825000001,0.3829198328690801,302.747
Small,NSGA-II,661058651,10000,6.510211944580078,100,111997.06247500001,0.3893098659815055,282.5132
Small,NSGA-II,87989972,10000,5.902620077133179,100,112286.533875,0.0118989415041783,289.2495
Small,NSGA-II,161576974,10000,6.032082796096802,100,112302.2153,0.007503509749303649,268.756
Small,NSGA-II,35492826,10000,6.007162809371948,100,112306.2147,0.009228328690807773,275.497
Small,NSGA-II,376383645,10000,5.903868913650513,100,112194.19392499999,0.007835738161559887,277.0052
Small,NSGA-II,1746484539,10000,6.198912143707275,100,111304.62467500001,0.5073717528702141,264.731
Small,NSGA-II,1394609702,10000,6.08216118812561,100,112171.09095000001,0.028697660167130382,295.4208
Small,NSGA-II,1960127675,10000,5.939881086349487,100,111346.13287500001,1.0707825348189508,276.998
Small,NSGA-II,1081530686,10000,6.155450344085693,100,112036.04652500001,0.38864846796657854,314.7827
Small,NSGA-II,1302740407,10000,6.6045732498168945,100,112417.166725,0.003329275766016698,264.248
Small,NSGA-II,2084654369,10000,6.131499290466309,100,111535.227975,0.6282757134631177,264.748
Small,NSGA-II,1566581934,10000,6.074676036834717,100,112127.29632499999,0.01309933147632305,283.006
Small,NSGA-II,1357791198,10000,6.0312066078186035,100,111808.755,0.6273598917360939,290.7822
Small,NSGA-II,1167425778,10000,6.0106940269470215,100,112142.9116,0.026650584958217104,302.7766
Small,NSGA-II,1202413557,10000,6.150879383087158,100,112284.033175,0.027080389972144528,318.5322
Small,NSGA-II,2008052738,10000,6.245004177093506,100,111927.80867500001,0.38611052924790434,223.2535
Small,NSGA-II,595598245,10000,6.002168893814087,100,112043.459525,0.020330139275765744,217.756
Small,NSGA-II,1752032165,10000,6.700314998626709,100,111682.9391,0.5123557640122774,289.7812
Small,NSGA-II,1440696407,10000,6.855556488037109,100,112213.08845,0.012347103064066863,264.262
Small,NSGA-II,5880883,10000,6.117315053939819,100,112383.416625,0.003734735376044549,281.506
Small,NSGA-II,846428919,10000,6.023747205734253,100,112265.16117500002,0.010850318263175231,319.064
Small,NSGA-II,1841261662,10000,6.005136728286743,100,112245.91494999999,0.011410668523676793,269.0282
Small,NSGA-II,1190382222,10000,5.896002769470215,100,112334.301125,0.026500752089136,283.0267
Small,NSGA-II,72124473,10000,5.93949818611145,100,112075.81215,0.020301448467966308,269.0282
Small,NSGA-II,1642588603,10000,5.910288572311401,100,112209.32322499999,0.009278328690807735,276.997
Small,NSGA-II,1566923138,10000,7.048168659210205,100,111963.50112500001,0.6791991344858104,317.6707
Small,MOEA/D,1826701614,10500,16.240906238555908,21,105282.39602500001,2.4266731873439653,46.687
Small,MOEA/D,1367864806,10500,15.148544311523438,23,105267.7241,2.428058563388527,46.685
Small,MOEA/D,1097657231,10500,13.226163148880005,22,106849.8638,2.414877950575163,46.7698
Small,MOEA/D,579362555,10500,13.294877529144287,22,101357.904075,2.4769696867425828,37.4821
Small,MOEA/D,661058651,10500,13.08345365524292,23,103645.48629999999,2.441523075923338,46.5978
Small,MOEA/D,87989972,10500,13.645283460617065,22,103226.78285,2.4450857500180567,37.577799999999996
Small,MOEA/D,161576974,10500,12.930601596832275,22,103641.350675,2.441344719377379,46.5879
Small,MOEA/D,35492826,10500,13.027411222457886,21,105273.18312500001,2.4277910703523156,46.6751
Small,MOEA/D,376383645,10500,13.516313791275024,18,102460.41345000001,3.510657688022262,45.6124
Small,MOEA/D,1746484539,10500,13.045531749725342,21,103231.325675,2.444764217984627,37.5659
Small,MOEA/D,1394609702,10500,12.925005674362183,26,100088.39532499999,3.978427655586127,46.0973
Small,MOEA/D,1960127675,10500,13.085983276367188,22,106847.000675,2.4146104575389518,46.7599
Small,MOEA/D,1081530686,10500,12.919616460800171,20,103237.96812500001,2.444764217984627,37.5659
Small,MOEA/D,1302740407,10500,13.04681921005249,23,105227.94575000001,2.430522741661505,46.7762
Small,MOEA/D,2084654369,10500,13.999007940292358,23,103651.785175,2.4410404853940904,46.5879
Small,MOEA/D,1566581934,10500,13.418598651885986,21,106853.643125,2.4146104575389518,46.7599
Small,MOEA/D,1357791198,10500,12.9990394115448,7,103237.96812500001,2.444764217984627,37.5659
Small,MOEA/D,1167425778,10500,13.393359184265137,21,102955.00230000001,2.4591632430542614,38.1198
Small,MOEA/D,1202413557,10500,12.751134634017944,21,103236.288425,2.444764217984627,37.5659
Small,MOEA/D,2008052738,10500,13.173524141311646,25,100307.25312499999,3.978427655586127,46.0973
Small,MOEA/D,595598245,10500,14.968498706817627,21,103233.4253,2.4450857500180567,37.577799999999996
Small,MOEA/D,1752032165,10500,16.718183040618896,18,102460.41345000001,3.510657688022262,45.6124
Small,MOEA/D,1440696407,10500,15.98795771598816,26,100882.003125,2.7721825302379273,75.1143
Small,MOEA/D,5880883,10500,12.814415454864502,22,101092.6541,3.5722173537604465,46.1674
Small,MOEA/D,846428919,10500,13.254172086715698,21,103243.439875,2.444459984001338,37.5659
Small,MOEA/D,1841261662,10500,14.03554892539978,21,103236.288425,2.444764217984627,37.5659
Small,MOEA/D,1190382222,10500,13.1397864818573,21,103234.1888,2.445031711020838,37.5758
Small,MOEA/D,72124473,10500,14.447267055511475,22,101350.25635,2.477316232703585,37.492
Small,MOEA/D,1642588603,10500,15.430906772613525,21,103243.439875,2.444459984001338,37.5659
Small,MOEA/D,1566923138,10500,13.845409631729126,19,102424.567125,3.512728022284091,45.6223
Small,PLS,1826701614,10000,4.696568012237549,36,109394.03115,1.5214053068805449,264.215
Small,PLS,1367864806,10000,4.960946321487427,39,112178.6979,0.0055631476323119685,264.247
Small,PLS,1097657231,10000,4.602395057678223,51,107104.89450000002,4.240696680497137,295.7791
Small,PLS,579362555,10000,5.021138668060303,50,108819.17272500001,1.5499891629910014,270.0132
Small,PLS,661058651,10000,5.943401098251343,51,111586.26955,1.1293981337047434,297.9555
Small,PLS,87989972,10000,5.27387547492981,52,112275.273675,0.19952657381615507,284.6702
Small,PLS,161576974,10000,5.173617362976074,59,109885.558475,1.1047600498285781,260.936
Small,PLS,35492826,10000,4.419160604476929,45,111066.1801,1.0854122896926475,268.998
Small,PLS,376383645,10000,4.745514869689941,56,110254.831875,1.1038929247910838,267.4797
Small,PLS,1746484539,10000,4.122334241867065,28,105788.88145000002,1.177783116616847,248.7595
Small,PLS,1394609702,10000,4.253997087478638,25,105642.066125,1.537094053713056,204.2595
Small,PLS,1960127675,10000,5.163067102432251,54,111674.39415000001,0.3949074373259022,266.244
Small,PLS,1081530686,10000,4.606674671173096,50,112047.3125,0.06511908077994402,281.506
Small,PLS,1302740407,10000,4.176973342895508,32,103659.919425,1.5923371541933657,262.2595
Small,PLS,2084654369,10000,4.5273377895355225,43,111881.963075,0.025794206128133615,275.016
Small,PLS,1566581934,10000,5.008260488510132,44,111635.650425,0.055627715877437325,264.756
Small,PLS,1357791198,10000,4.1812744140625,25,96629.904375,3.0750366254675816,243.0095
Small,PLS,1167425778,10000,4.366250038146973,37,112069.512725,0.009517130919220016,264.248
Small,PLS,1202413557,10000,4.635558366775513,47,109890.03972500001,0.5012436768802202,246.006
Small,PLS,2008052738,10000,4.306355237960815,46,112262.715875,0.01015091922005566,283.7827
Small,PLS,595598245,10000,4.361095666885376,43,109162.75675,2.8202583207096885,248.994
Small,PLS,1752032165,10000,4.480645179748535,47,110035.284575,1.2641214976721913,281.9053
Small,PLS,1440696407,10000,4.5492963790893555,42,111971.942475,0.036522646239554056,258.7535
Small,PLS,5880883,10000,3.983915090560913,24,103703.14175000001,1.5908072934691402,154.2595
Small,PLS,846428919,10000,4.525649309158325,41,109899.29814999999,0.173500575253285,259.247
Small,PLS,1841261662,10000,4.733112096786499,44,111907.91365000002,0.5084572403353959,284.7827
Small,PLS,1190382222,10000,4.396677732467651,42,110944.19819999998,1.0915546573806716,258.7632
Small,PLS,72124473,10000,4.163921594619751,34,111426.50227499999,0.013600974930361963,258.7225
Small,PLS,1642588603,10000,4.6474151611328125,54,112316.07764999999,0.017309192200557072,281.5035
Small,PLS,1566923138,10000,4.665637969970703,43,110929.73392500001,1.0896031197771605,270.998
Small,Graph-PMX NSGA-II,1826701614,10000,16.150338649749756,100,112094.84127500001,0.029110027855153094,308.9494
Small,Graph-PMX NSGA-II,1367864806,10000,12.988609075546265,100,112060.40800000001,0.017848579387186425,288.494
Small,Graph-PMX NSGA-II,1097657231,10000,8.929760932922363,100,111727.34435,0.5030358197225838,302.256
Small,Graph-PMX NSGA-II,579362555,10000,7.36883807182312,100,112148.687975,0.01604264623955433,290.7552
Small,Graph-PMX NSGA-II,661058651,10000,6.702632427215576,100,112303.8124,0.009301922005571053,287.5291
Small,Graph-PMX NSGA-II,87989972,10000,8.237495422363281,100,112250.86330000001,0.015650334261838338,274.5132
Small,Graph-PMX NSGA-II,161576974,10000,7.318973064422607,100,112154.17344999999,0.00810415041782732,269.7502
Small,Graph-PMX NSGA-II,35492826,10000,7.056831359863281,100,112229.10304999999,0.010199777158774381,264.256
Small,Graph-PMX NSGA-II,376383645,10000,6.856884956359863,100,112183.326,0.05106409470752103,281.5327
Small,Graph-PMX NSGA-II,1746484539,10000,6.720930337905884,100,111990.6128,0.1370216991643443,302.748
Small,Graph-PMX NSGA-II,1394609702,10000,6.697663307189941,100,112347.296425,0.00899467966573814,287.506
Small,Graph-PMX NSGA-II,1960127675,10000,6.805592060089111,100,111788.34805,0.009385598885793869,276.9802
Small,Graph-PMX NSGA-II,1081530686,10000,6.696544885635376,100,111497.95452500001,0.6453555710306392,287.6708
Small,Graph-PMX NSGA-II,1302740407,10000,6.629346132278442,100,112211.4557,0.010888245125348169,274.497
Small,Graph-PMX NSGA-II,2084654369,10000,6.676513910293579,100,111743.76030000002,0.3940355153203305,231.006
Small,Graph-PMX NSGA-II,1566581934,10000,6.849625110626221,100,111913.2431,0.029174066852367363,275.7325
Small,Graph-PMX NSGA-II,1357791198,10000,7.497046709060669,100,112129.245725,0.009891727019498593,287.5191
Small,Graph-PMX NSGA-II,1167425778,10000,6.599972486495972,100,112217.67305,0.010294540389972141,281.498
Small,Graph-PMX NSGA-II,1202413557,10000,6.546396493911743,100,112239.697025,0.007427242339832879,288.263
Small,Graph-PMX NSGA-II,2008052738,10000,6.905993700027466,100,112144.0808,0.15144331476323225,290.7782
Small,Graph-PMX NSGA-II,595598245,10000,7.566423654556274,100,111873.415875,0.39230660167131076,265.506
Small,Graph-PMX NSGA-II,1752032165,10000,6.775805950164795,100,112145.15887500001,0.015033231197771618,320.7735
Small,Graph-PMX NSGA-II,1440696407,10000,7.360325336456299,100,111900.7564,0.01184584958217265,289.7422
Small,Graph-PMX NSGA-II,5880883,10000,6.698930501937866,100,112020.5166,0.11141763631714298,264.2782
Small,Graph-PMX NSGA-II,846428919,10000,6.692535400390625,100,112318.717175,0.010127019498607245,281.506
Small,Graph-PMX NSGA-II,1841261662,10000,7.111802577972412,100,112095.916375,0.010983871866295233,269.7782
Small,Graph-PMX NSGA-II,1190382222,10000,7.960583686828613,100,111856.12535,0.012488997214484572,264.248
Small,Graph-PMX NSGA-II,72124473,10000,7.230350971221924,100,112265.029175,0.011419582172701935,293.5267
Small,Graph-PMX NSGA-II,1642588603,10000,8.35396695137024,100,111779.262775,0.029232701949860513,314.7582
Small,Graph-PMX NSGA-II,1566923138,10000,7.295774221420288,100,112165.86075,0.010245181058495789,274.994
Medium,NSGA-II,1826701614,10000,40.35035562515259,100,86093105.28996953,113.5847309740122,2425.053110420529
Medium,NSGA-II,1367864806,10000,34.371774673461914,100,75509347.88079414,203.65904577050662,2107.117443371352
Medium,NSGA-II,1097657231,10000,32.19903635978699,100,82417523.53416789,98.87543505619298,2687.3905174267093
Medium,NSGA-II,579362555,10000,32.711631536483765,100,77995999.79850936,150.59192486072487,3000.99303209103
Medium,NSGA-II,661058651,10000,32.749608278274536,100,81874851.60206142,189.42671626828724,2441.030684953718
Medium,NSGA-II,87989972,10000,32.169859170913696,100,77817169.94982031,209.48268298667242,2709.4292019548852
Medium,NSGA-II,161576974,10000,32.1593976020813,100,83025427.65506472,114.94103634625185,2397.523136212534
Medium,NSGA-II,35492826,10000,32.76826357841492,100,79910340.71598665,102.40689529161821,2654.15467650824
Medium,NSGA-II,376383645,10000,32.556886196136475,100,83602923.56998356,130.6249736776597,2414.2758787246266
Medium,NSGA-II,1746484539,10000,33.031625747680664,100,77906008.61722425,139.6599814813434,2922.4971145974437
Medium,NSGA-II,1394609702,10000,31.452456951141357,100,82015198.72958899,158.91894998009812,3039.46208297669
Medium,NSGA-II,1960127675,10000,32.851988077163696,98,84862120.65463433,100.43204747372684,2367.33109980934
Medium,NSGA-II,1081530686,10000,31.400753021240234,100,78066645.39791325,176.0350637937173,2258.7728616137397
Medium,NSGA-II,1302740407,10000,31.572176218032837,100,78419234.93442541,157.4753979616482,2109.041380610872
Medium,NSGA-II,2084654369,10000,35.07136368751526,99,74686740.27670091,189.74551756322722,2497.964599244177
Medium,NSGA-II,1566581934,10000,33.10834765434265,100,81936622.80673888,125.68829429632328,2755.432557804606
Medium,NSGA-II,1357791198,10000,35.92407488822937,100,76640626.18640245,220.87918449470493,2497.1017213082023
Medium,NSGA-II,1167425778,10000,37.0007209777832,100,80283935.77959579,157.4272639299777,2223.1203143211937
Medium,NSGA-II,1202413557,10000,35.97204113006592,100,82272498.83548543,162.09185152500666,2058.2951057154164
Medium,NSGA-II,2008052738,10000,33.175557136535645,100,84101325.38163443,131.55479296843944,2282.234267583573
Medium,NSGA-II,595598245,10000,38.946404695510864,100,80842033.63998297,149.52712798755667,3050.8165759171297
Medium,NSGA-II,1752032165,10000,34.166621685028076,100,89506812.64542125,69.84254821807852,2523.1265013273123
Medium,NSGA-II,1440696407,10000,34.442670583724976,100,82143849.78902492,141.98140334570485,3131.7390085689512
Medium,NSGA-II,5880883,10000,38.16403293609619,100,73931917.32268049,202.5916912203942,2734.6850904453026
Medium,NSGA-II,846428919,10000,31.65921187400818,100,82894517.49254015,89.74420177619139,2556.4666624225474
Medium,NSGA-II,1841261662,10000,32.358752489089966,100,74379921.4942675,182.08726971653456,2920.521700538959
Medium,NSGA-II,1190382222,10000,44.03850436210632,100,81266000.66097923,164.39515762459325,2535.3404539891453
Medium,NSGA-II,72124473,10000,40.68243885040283,100,80216356.03228658,127.34028614688086,2581.4854286193904
Medium,NSGA-II,1642588603,10000,38.69098424911499,100,81867847.36008367,112.12512380704808,2672.8375330800886
Medium,NSGA-II,1566923138,10000,38.22750282287598,100,75916467.68751441,162.78983473978823,2700.2344976255895
Medium,MOEA/D,1826701614,10500,69.23564672470093,34,51945181.30668514,41.09112005377701,344.7789141475147
Medium,MOEA/D,1367864806,10500,50.66317272186279,46,51800166.596487045,57.543375432312146,102.68632197464254
Medium,MOEA/D,1097657231,10500,49.028881788253784,24,76089325.24850139,31.012121450081082,254.64879422427896
Medium,MOEA/D,579362555,10500,44.55496263504028,53,54950986.1344736,57.45498269003979,311.25474873004816
Medium,MOEA/D,661058651,10500,44.37637138366699,22,67845108.86570452,87.9382462558338,70.9579880905342
Medium,MOEA/D,87989972,10500,43.83191895484924,25,56908875.901550815,25.671191530817225,168.17622168008677
Medium,MOEA/D,161576974,10500,47.46515893936157,32,55706891.42386738,46.30434026948706,51.702212165667234
Medium,MOEA/D,35492826,10500,69.15011835098267,30,57692915.53787251,51.972603850821805,74.27857390272018
Medium,MOEA/D,376383645,10500,59.53128385543823,36,58710199.92780017,21.016506276264735,84.212210975582
Medium,MOEA/D,1746484539,10500,46.86320161819458,58,51756400.987407774,76.61705862805252,97.5393700276816
Medium,MOEA/D,1394609702,10500,47.556782960891724,29,64152638.50652234,34.63295927313559,289.8172745324089
Medium,MOEA/D,1960127675,10500,47.443320989608765,42,50079646.9242953,104.05117914503936,14.165255882646193
Medium,MOEA/D,1081530686,10500,45.054513692855835,21,50473765.577497296,82.64705033304001,282.84179823617063
Medium,MOEA/D,1302740407,10500,44.136627435684204,35,70152022.38879843,26.041773909214456,190.37115659306176
Medium,MOEA/D,2084654369,10500,43.41367530822754,49,45112440.19288307,47.19716227820447,281.19892434284395
Medium,MOEA/D,1566581934,10500,44.793410301208496,30,48756170.30609235,33.023938808561354,50.55286567891508
Medium,MOEA/D,1357791198,10500,45.19358038902283,62,71767438.39054686,40.449008887810876,273.87764595025095
Medium,MOEA/D,1167425778,10500,43.634538412094116,34,58487149.067233935,30.545249156304713,225.90062795993921
Medium,MOEA/D,1202413557,10500,42.884798526763916,30,56440869.169505596,77.10855403847492,121.85903632757577
Medium,MOEA/D,2008052738,10500,43.30817914009094,41,56448912.4482514,14.088018950408642,40.056997398744386
Medium,MOEA/D,595598245,10500,43.614596128463745,9,45180660.77684347,53.4176825738781,154.99514573334426
Medium,MOEA/D,1752032165,10500,44.5684769153595,23,47237565.33356678,37.92701065260011,77.68775749960912
Medium,MOEA/D,1440696407,10500,43.73242425918579,69,71310294.97159402,32.693349729397724,335.6981940239473
Medium,MOEA/D,5880883,10500,46.28144431114197,34,51686417.02706305,50.72616121048739,111.26819813424146
Medium,MOEA/D,846428919,10500,45.859843015670776,39,49560096.48407683,100.62967604467114,250.77849255753767
Medium,MOEA/D,1841261662,10500,47.334277391433716,35,53085273.25905528,51.29325534314603,52.286263155650545
Medium,MOEA/D,1190382222,10500,44.935436487197876,13,81374927.99757448,48.89934621260157,119.30671298094006
Medium,MOEA/D,72124473,10500,46.191834688186646,22,58377592.81105417,28.97787553908503,145.15753583151277
Medium,MOEA/D,1642588603,10500,48.313533544540405,48,67837030.97223157,44.78629378619414,245.60550275459815
Medium,MOEA/D,1566923138,10500,46.370227098464966,66,57956790.491409265,10.464219517973278,118.85095222891717
Medium,PLS,1826701614,10000,26.28780174255371,120,63408026.82597947,321.2580435600619,1946.4024433315333
Medium,PLS,1367864806,10000,25.469110250473022,118,56650430.0324081,362.21907206972355,1349.0073651868915
Medium,PLS,1097657231,10000,23.972930192947388,89,56876355.913124636,472.8560644016387,1507.1359701215317
Medium,PLS,579362555,10000,24.8495032787323,117,58729808.23754654,409.4118197472571,1635.6007132943578
Medium,PLS,661058651,10000,25.916624069213867,115,55462963.590344384,490.8388903876802,1648.3995327796445
Medium,PLS,87989972,10000,25.43903660774231,162,59043782.37639778,412.6157686827459,1430.800832360739
Medium,PLS,161576974,10000,24.58276867866516,66,59183734.56744906,340.0577026633999,1462.9038754738588
Medium,PLS,35492826,10000,24.15153455734253,94,56332283.85207973,465.84599250980125,1142.8312504028381
Medium,PLS,376383645,10000,25.043463706970215,141,62201714.143920906,318.8799712763545,1618.4198024339244
Medium,PLS,1746484539,10000,22.86008858680725,95,66997202.73164872,352.3221895479822,1370.846877831224
Medium,PLS,1394609702,10000,24.84031891822815,149,65565016.19835514,290.7443739442216,1615.1670167123395
Medium,PLS,1960127675,10000,27.106048107147217,118,59552585.75149531,383.2462853168629,2137.608832045184
Medium,PLS,1081530686,10000,27.867299795150757,136,59860095.26976262,419.5277818016962,1661.5828545291622
Medium,PLS,1302740407,10000,27.463698625564575,107,69302564.33703133,310.25643442217125,1577.0709771710997
Medium,PLS,2084654369,10000,25.36093759536743,72,56924930.64369952,445.1729319540844,1291.6679609713767
Medium,PLS,1566581934,10000,24.011784553527832,122,65964748.6024407,251.6778041021747,1782.657352048142
Medium,PLS,1357791198,10000,25.34531021118164,152,62964737.63274431,266.7605043544482,1473.4115134563244
Medium,PLS,1167425778,10000,23.156255960464478,83,56211365.56934489,474.12393330044756,1736.272891899647
Medium,PLS,1202413557,10000,23.67374873161316,134,68121290.42811641,281.564193531983,1594.0301742368913
Medium,PLS,2008052738,10000,23.873816967010498,97,57255524.31431782,452.109642320544,1293.5428945286878
Medium,PLS,595598245,10000,24.4502272605896,94,52235773.64551834,554.2397070872448,1457.95655632207
Medium,PLS,1752032165,10000,23.49495029449463,104,56054685.984237805,468.2963915219704,1608.3608900183715
Medium,PLS,1440696407,10000,23.967533588409424,106,63204652.22692267,397.6394951582974,1508.437208613301
Medium,PLS,5880883,10000,23.66479206085205,119,68764750.76175177,202.08712473067632,1565.0078577045467
Medium,PLS,846428919,10000,22.297281503677368,92,63761360.11978703,377.1144716287654,1540.9732725333452
Medium,PLS,1841261662,10000,22.90546417236328,100,58406003.681381814,448.5973182745547,1375.181911388225
Medium,PLS,1190382222,10000,23.887303352355957,114,55831610.723677486,478.9489214883326,2155.9301035016797
Medium,PLS,72124473,10000,24.334740161895752,104,61275565.73630268,409.94764231621957,1460.3458920606304
Medium,PLS,1642588603,10000,25.029086351394653,119,54754536.20694989,382.44799784291644,1573.8104435362038
Medium,PLS,1566923138,10000,22.556329488754272,93,67771046.88891363,273.47838174800114,1353.9070950737917
Medium,Graph-PMX NSGA-II,1826701614,10000,43.63877892494202,100,79858615.40002908,158.00780455460693,2313.703007329195
Medium,Graph-PMX NSGA-II,1367864806,10000,38.11631941795349,100,86019826.48609564,103.85251633776257,2876.2358136461726
Medium,Graph-PMX NSGA-II,1097657231,10000,41.05129289627075,100,87287397.29312249,79.46325450109683,2835.4603537811086
Medium,Graph-PMX NSGA-II,579362555,10000,37.85881948471069,100,80675430.80273008,145.53277345054929,2570.481094839626
Medium,Graph-PMX NSGA-II,661058651,10000,39.96564745903015,100,79838103.38753635,179.72068963329627,2967.141115507667
Medium,Graph-PMX NSGA-II,87989972,10000,37.60430932044983,100,85625853.14937112,120.22733065913665,2298.2683764185467
Medium,Graph-PMX NSGA-II,161576974,10000,38.56537222862244,100,81166623.00631136,148.32691094805563,2814.593208253268
Medium,Graph-PMX NSGA-II,35492826,10000,39.293941259384155,100,84151376.55667333,123.93890936752469,2367.673320285021
Medium,Graph-PMX NSGA-II,376383645,10000,36.037697553634644,100,82401846.3665534,159.63548405367692,2362.871977304576
Medium,Graph-PMX NSGA-II,1746484539,10000,37.258572816848755,100,89617945.76608361,114.05314101789398,2605.357757135024
Medium,Graph-PMX NSGA-II,1394609702,10000,35.572397232055664,100,82431618.93275896,122.88578685887539,2688.145910950308
Medium,Graph-PMX NSGA-II,1960127675,10000,38.08065629005432,100,79857400.24017853,160.04493587879813,2108.4006451619193
Medium,Graph-PMX NSGA-II,1081530686,10000,37.21514058113098,100,82805470.37444216,85.89740913505791,2934.765802871734
Medium,Graph-PMX NSGA-II,1302740407,10000,43.3106210231781,100,88324301.3587001,66.15846908922536,2594.0364670746753
Medium,Graph-PMX NSGA-II,2084654369,10000,38.338340759277344,100,82563430.79654674,113.7463551417154,2738.1697019862504
Medium,Graph-PMX NSGA-II,1566581934,10000,35.85324501991272,100,83506074.11197188,134.68828746463393,3248.3434111156625
Medium,Graph-PMX NSGA-II,1357791198,10000,39.11870765686035,100,84828725.44616513,112.00385978926421,3043.698270072042
Medium,Graph-PMX NSGA-II,1167425778,10000,35.92688798904419,100,84548049.61684784,155.3587796858387,2956.8676389359275
Medium,Graph-PMX NSGA-II,1202413557,10000,36.07494020462036,100,87334642.31004032,140.1292981624588,2566.6046607546837
Medium,Graph-PMX NSGA-II,2008052738,10000,36.16173505783081,100,78623428.1122941,134.5543173384779,3021.947257653208
Medium,Graph-PMX NSGA-II,595598245,10000,34.20030617713928,100,81632717.0361869,162.33465615488177,2702.7644622040057
Medium,Graph-PMX NSGA-II,1752032165,10000,36.52841591835022,100,85464000.88093823,129.70720070014525,2299.7126532144066
Medium,Graph-PMX NSGA-II,1440696407,10000,36.22309994697571,100,86954920.76013272,88.8178424010502,2972.167202414218
Medium,Graph-PMX NSGA-II,5880883,10000,37.07388925552368,100,79902486.86364949,142.7041590074784,2961.3451825193124
Medium,Graph-PMX NSGA-II,846428919,10000,36.37807369232178,100,84377693.0450806,114.61958672434112,2433.787129097136
Medium,Graph-PMX NSGA-II,1841261662,10000,35.91138219833374,100,84590904.68521196,86.7221319445206,3266.411689837746
Medium,Graph-PMX NSGA-II,1190382222,10000,34.529608726501465,100,84987827.89651504,160.74446352406773,2911.877285865822
Medium,Graph-PMX NSGA-II,72124473,10000,35.48729395866394,100,81526850.11031449,116.50101570121109,2999.317489951943
Medium,Graph-PMX NSGA-II,1642588603,10000,35.35221028327942,100,88445040.81982464,151.69818978003968,2537.515732770646
Medium,Graph-PMX NSGA-II,1566923138,10000,37.32807636260986,100,80153692.33623333,138.14333607249714,2852.7402564715867
Large,NSGA-II,1826701614,10000,120.26954531669617,100,421554134.10346675,640.2935530697541,6543.134140176976
Large,NSGA-II,1367864806,10000,92.8145604133606,100,441344231.0474396,611.6708483324082,5940.041426508581
Large,NSGA-II,1097657231,10000,90.59380221366882,100,456078712.3658494,420.04743816609994,7182.668976366458
Large,NSGA-II,579362555,10000,88.70244526863098,100,471434159.4821948,404.2534640457441,6888.94466843695
Large,NSGA-II,661058651,10000,87.77189421653748,100,450233031.23170185,399.7106684679151,6380.117163988548
Large,NSGA-II,87989972,10000,86.15396642684937,100,455411723.54504406,584.0480143381743,6007.202113642072
Large,NSGA-II,161576974,10000,84.69425702095032,100,493707834.06343913,455.79705819330445,5763.224594636184
Large,NSGA-II,35492826,10000,84.24017238616943,100,427757626.65423936,355.28731520240285,7103.623032356564
Large,NSGA-II,376383645,10000,87.20623826980591,100,440405900.50550723,671.9288290316091,6168.7775970040375
Large,NSGA-II,1746484539,10000,84.70867848396301,100,452116472.54468364,452.409617419216,7527.440957313981
Large,NSGA-II,1394609702,10000,85.21469950675964,100,498496290.4915416,505.0712706209608,5865.599802583152
Large,NSGA-II,1960127675,10000,85.76657485961914,100,475159392.24788195,483.5769868736177,6092.9513767696235
Large,NSGA-II,1081530686,10000,85.02830791473389,100,477787940.122721,553.2026774785926,6571.300472490536
Large,NSGA-II,1302740407,10000,83.70478963851929,100,489134992.4105011,403.7082635554485,6893.6863113829095
Large,NSGA-II,2084654369,10000,83.50538468360901,100,449591800.6216223,551.0068758714021,6460.836550579367
Large,NSGA-II,1566581934,10000,84.37222361564636,100,416611606.01531756,592.4055293110813,6468.3079090055835
Large,NSGA-II,1357791198,10000,84.22740244865417,100,414978974.3054782,734.5892169763299,6803.4119380945995
Large,NSGA-II,1167425778,10000,83.67377424240112,100,478015984.74598825,492.89353297658874,5043.215576809949
Large,NSGA-II,1202413557,10000,85.8052830696106,100,493258430.067032,365.529863002951,6224.849111166256
Large,NSGA-II,2008052738,10000,85.59068822860718,100,448310852.3039373,598.0413787879444,6033.191307674058
Large,NSGA-II,595598245,10000,83.96644902229309,100,457833418.8172226,537.7346663913138,6977.906422840362
Large,NSGA-II,1752032165,10000,85.30665397644043,100,430893961.7777455,652.2575998178336,6234.4988250297765
Large,NSGA-II,1440696407,10000,93.70939540863037,100,450105000.7576206,555.6955970036092,6395.981759513306
Large,NSGA-II,5880883,10000,90.4498016834259,100,497900289.0093277,364.1966160020538,6785.692256910903
Large,NSGA-II,846428919,10000,87.65831017494202,100,451270577.6862942,525.7530044706162,6198.598207424712
Large,NSGA-II,1841261662,10000,90.88734841346741,100,423003209.42516804,454.5288686052726,6529.130119612957
Large,NSGA-II,1190382222,10000,87.92139601707458,100,497136091.71814364,533.5371518829459,6011.447215384228
Large,NSGA-II,72124473,10000,86.03465056419373,100,460017365.6268803,362.06455081958893,6318.126334355445
Large,NSGA-II,1642588603,10000,85.6813440322876,100,482483030.25423545,522.2330982941202,7879.217606753811
Large,NSGA-II,1566923138,10000,90.16172051429749,100,448059379.4247062,387.27187843615593,8050.68161850068
Large,MOEA/D,1826701614,10500,115.92068672180176,34,166307412.07445106,120.81148078964404,267.80637706168517
Large,MOEA/D,1367864806,10500,113.6746437549591,46,152841312.92769656,98.33034013836945,336.84249064046827
Large,MOEA/D,1097657231,10500,109.29802584648132,61,203212873.5858475,57.972825867389275,272.17808103337416
Large,MOEA/D,579362555,10500,109.34547138214111,42,121397467.38441542,129.57654134515633,810.4606125414815
Large,MOEA/D,661058651,10500,107.7307779788971,29,242636404.6008743,184.0732552075283,319.7080135966014
Large,MOEA/D,87989972,10500,107.56562376022339,26,110080150.49261644,126.3916774320402,471.8474977039281
Large,MOEA/D,161576974,10500,108.0676109790802,43,173510474.49385694,58.99301395287889,369.98936779974105
Large,MOEA/D,35492826,10500,109.32890248298645,33,275511591.0081397,112.60569034145959,487.1534897023934
Large,MOEA/D,376383645,10500,108.39707088470459,78,214465079.80226204,115.43150424788398,446.7761871755068
Large,MOEA/D,1746484539,10500,108.24800109863281,26,214893380.3008045,101.27056145077718,416.11247142677826
Large,MOEA/D,1394609702,10500,107.04746341705322,73,178839272.84531546,124.48295005283451,484.35505698321373
Large,MOEA/D,1960127675,10500,107.31477952003479,36,166913298.0900615,137.82894752804734,376.66716523860265
Large,MOEA/D,1081530686,10500,108.78103232383728,71,204443404.8645113,53.0692603568588,379.35227259132853
Large,MOEA/D,1302740407,10500,107.4504497051239,43,294635664.8427071,269.4071085713752,254.4651509991703
Large,MOEA/D,2084654369,10500,106.9769344329834,63,220286931.71455872,141.02857027764117,292.31200602187147
Large,MOEA/D,1566581934,10500,106.96799516677856,36,280475509.2481358,246.58102941579378,243.1925569953532
Large,MOEA/D,1357791198,10500,107.11463356018066,60,180402363.1850843,84.91152181934136,592.5183509693688
Large,MOEA/D,1167425778,10500,107.06290912628174,31,186482317.02739546,75.63572252499786,354.2730911134212
Large,MOEA/D,1202413557,10500,109.59511590003967,43,95734947.67513207,111.13440555801772,543.7818961827687
Large,MOEA/D,2008052738,10500,109.53601837158203,81,230122657.24279067,37.60722151996219,358.10210186159435
Large,MOEA/D,595598245,10500,108.57622504234314,54,244206406.34420764,263.8521072920011,502.0869237241902
Large,MOEA/D,1752032165,10500,107.49984455108643,72,173911813.65026212,113.66072960444376,410.18957458502985
Large,MOEA/D,1440696407,10500,109.15580654144287,77,208843379.3468762,179.7650882684555,492.4503556947013
Large,MOEA/D,5880883,10500,109.54457712173462,42,159732898.369713,103.04541059719811,489.869528925775
Large,MOEA/D,846428919,10500,108.16715860366821,67,272151915.1494357,93.09190973717428,518.221582674156
Large,MOEA/D,1841261662,10500,107.74236750602722,85,231252850.39164042,229.30204954444943,544.140289485885
Large,MOEA/D,1190382222,10500,107.07723665237427,55,244452447.01017404,47.129377496087365,475.01956083786285
Large,MOEA/D,72124473,10500,106.83629179000854,37,233236007.24605283,101.77295378015712,433.87400128714603
Large,MOEA/D,1642588603,10500,107.649742603302,28,200712987.90502915,68.65989985816971,345.17333071322366
Large,MOEA/D,1566923138,10500,109.79488444328308,80,242100019.00293437,46.01051826801378,593.7992398091428
Large,PLS,1826701614,10000,71.02020907402039,47,245196796.57210395,2984.6096707055776,1922.8647885072828
Large,PLS,1367864806,10000,66.76742935180664,108,161085168.1201716,3069.036597436033,2461.176654202006
Large,PLS,1097657231,10000,67.95482778549194,118,238239023.9341861,2314.308744324162,2868.2111717632292
Large,PLS,579362555,10000,63.409653186798096,45,200405326.22329685,2886.5920816219727,2528.1284352745993
Large,PLS,661058651,10000,63.25489354133606,70,200622366.1917357,2710.539961145037,3535.0398441647726
Large,PLS,87989972,10000,63.32021403312683,71,183147350.71017835,2604.0015432110395,4715.853977607046
Large,PLS,161576974,10000,64.299156665802,94,184543495.75241518,2615.803163728726,2236.623252126412
Large,PLS,35492826,10000,68.75386571884155,82,201291220.73963672,3061.8070299555507,2183.047942107052
Large,PLS,376383645,10000,64.09275412559509,65,237592751.0624564,2142.035165894173,3934.7276189508816
Large,PLS,1746484539,10000,61.57222294807434,60,219974682.4850132,2446.7321307603643,3249.22539117148
Large,PLS,1394609702,10000,66.20802044868469,89,198431348.7909024,3038.262251278177,2334.975568098874
Large,PLS,1960127675,10000,76.264399766922,77,198823786.25283816,2222.019416905054,2672.700239479754
Large,PLS,1081530686,10000,65.16119718551636,171,156672861.83428743,3275.095589481241,2738.1496072492137
Large,PLS,1302740407,10000,59.93451261520386,41,220980138.78878438,2662.2302283487734,2521.055974122757
Large,PLS,2084654369,10000,61.10855770111084,117,236684437.57460397,2322.3769922588413,3172.468502405778
Large,PLS,1566581934,10000,59.39726257324219,58,228465217.62126273,2580.713518869711,2733.170413636237
Large,PLS,1357791198,10000,60.24274182319641,82,155672016.26837865,2667.305384775327,3498.152773579369
Large,PLS,1167425778,10000,60.7554292678833,82,181502084.11843497,3048.718231527547,3490.6609742164865
Large,PLS,1202413557,10000,60.426345348358154,78,132997576.27909148,3117.6680330459358,3120.228403407947
Large,PLS,2008052738,10000,58.47234010696411,41,151899183.95377216,3036.9719339188123,2278.293402544692
Large,PLS,595598245,10000,60.27987289428711,100,153277457.16911885,3387.546723077936,2638.393417034806
Large,PLS,1752032165,10000,59.77117323875427,62,176857836.56063527,2657.116157633773,1606.9465269889686
Large,PLS,1440696407,10000,61.094141721725464,68,161946306.25619745,2918.285079110909,4137.7078929371
Large,PLS,5880883,10000,60.96969485282898,106,237244295.20301488,1833.9381788626642,3124.9208622421133
Large,PLS,846428919,10000,59.13437342643738,83,210703980.7617636,3044.0637356110306,2804.6911351123313
Large,PLS,1841261662,10000,58.24035453796387,51,205290259.37268206,2331.510175640135,2681.2025695296506
Large,PLS,1190382222,10000,59.644545555114746,93,159513390.07837224,2274.523443624851,4253.362611809903
Large,PLS,72124473,10000,58.74174404144287,45,139870292.22099653,3050.7908237207516,3961.6735697833815
Large,PLS,1642588603,10000,60.2530152797699,81,124348299.86813033,3615.7793380111893,2018.2144678034233
Large,PLS,1566923138,10000,60.47189784049988,84,173694168.5027237,2574.8762856676735,2705.250135117332
Large,Graph-PMX NSGA-II,1826701614,10000,129.12185144424438,100,460414888.2830135,494.13112908105063,6390.784460908103
Large,Graph-PMX NSGA-II,1367864806,10000,90.70993113517761,100,462249971.5873235,518.5996140140497,7017.474650103586
Large,Graph-PMX NSGA-II,1097657231,10000,90.08297276496887,100,502233791.9911641,262.11418764873423,6174.441859262432
Large,Graph-PMX NSGA-II,579362555,10000,3049.2470486164093,100,475753108.8040823,213.0821949358439,7914.460398695014
Large,Graph-PMX NSGA-II,661058651,10000,98.86776685714722,100,491618324.1833894,405.73585827345784,7370.59556818884
Large,Graph-PMX NSGA-II,87989972,10000,88.89248275756836,100,451373832.4907625,398.63343878748924,7775.898482074611
Large,Graph-PMX NSGA-II,161576974,10000,87.79667663574219,100,447537668.8812088,597.2202471106463,6689.755335160325
Large,Graph-PMX NSGA-II,35492826,10000,827.8373558521271,100,503734348.6503372,321.2466794119353,7162.059592205943
Large,Graph-PMX NSGA-II,376383645,10000,96.6236560344696,100,471434537.48561734,419.3922269579193,6016.937968655075
Large,Graph-PMX NSGA-II,1746484539,10000,92.80710029602051,100,461483624.9141109,625.873401401692,5634.647890889066
Large,Graph-PMX NSGA-II,1394609702,10000,93.36707973480225,100,500256871.5969595,362.7896050341164,6302.584801156976
Large,Graph-PMX NSGA-II,1960127675,10000,93.1761269569397,100,484037144.98790276,617.5574484412346,7181.089788740812
Large,Graph-PMX NSGA-II,1081530686,10000,92.65199089050293,100,481220558.24734217,389.8902756096325,6112.276998270849
Large,Graph-PMX NSGA-II,1302740407,10000,96.05294156074524,100,454472621.2708038,393.8201589290934,5966.828298499037
Large,Graph-PMX NSGA-II,2084654369,10000,92.03921031951904,100,486709584.35126054,659.5715056032541,5503.358423071738
Large,Graph-PMX NSGA-II,1566581934,10000,93.0801751613617,100,479545490.3711247,455.6629345126404,6088.376707486718
Large,Graph-PMX NSGA-II,1357791198,10000,97.08083534240723,100,475942828.00676835,329.08106443700115,6026.958651522529
Large,Graph-PMX NSGA-II,1167425778,10000,97.92595982551575,100,485663759.94802177,522.5423052371139,7145.773295343485
Large,Graph-PMX NSGA-II,1202413557,10000,93.38850235939026,100,448231467.73251915,454.01828218114207,6430.496060201929
Large,Graph-PMX NSGA-II,2008052738,10000,95.54012537002563,100,495445381.3795614,413.85845116551764,5421.664383994533
Large,Graph-PMX NSGA-II,595598245,10000,93.38429927825928,100,481104329.5999621,485.9516302152243,7326.021090601123
Large,Graph-PMX NSGA-II,1752032165,10000,102.42492413520813,100,488259946.8847351,345.84551852194863,7221.133249906305
Large,Graph-PMX NSGA-II,1440696407,10000,95.11024498939514,100,439615712.1530762,742.0700167553196,6677.308895950879
Large,Graph-PMX NSGA-II,5880883,10000,94.26296281814575,100,485673844.0355114,301.1511774878688,7863.024974248205
Large,Graph-PMX NSGA-II,846428919,10000,94.1347074508667,100,450968734.41419065,400.70917334134026,7217.0835038858795
Large,Graph-PMX NSGA-II,1841261662,10000,98.76963353157043,100,486453310.9878893,512.4390146273956,6903.0002283762715
Large,Graph-PMX NSGA-II,1190382222,10000,94.13115501403809,100,510266459.45558864,516.140592974122,7534.621718195112
Large,Graph-PMX NSGA-II,72124473,10000,94.96292686462402,100,491840559.08368206,516.2003079305761,5813.260444724146
Large,Graph-PMX NSGA-II,1642588603,10000,95.11555743217468,100,496717900.92734236,498.87313021471357,6565.642416758857
Large,Graph-PMX NSGA-II,1566923138,10000,96.87202882766724,100,494203821.15486443,413.6312257659095,6645.6931018300675
Hidden,NSGA-II,1826701614,10000,69.20199060440063,100,124558812.94090532,142.76424445486873,2595.119830807323
Hidden,NSGA-II,1367864806,10000,73.25937080383301,100,116499875.014739,230.43519086266267,3241.458343353749
Hidden,NSGA-II,1097657231,10000,55.4584481716156,100,117684747.13035405,292.29185552459154,2149.480428482465
Hidden,NSGA-II,579362555,10000,54.771671533584595,100,124501001.67139494,240.02049825577802,2384.351271465076
Hidden,NSGA-II,661058651,10000,55.877652645111084,100,128940735.18326464,161.96235903350308,2591.5937027471186
Hidden,NSGA-II,87989972,10000,54.5901665687561,100,125235292.04186203,183.52977185149828,2800.819373868463
Hidden,NSGA-II,161576974,10000,54.369431018829346,100,113852960.25432377,171.81929678865728,3351.0878731475805
Hidden,NSGA-II,35492826,10000,55.88438558578491,100,133266285.349687,110.86110004822045,1662.5165566577946
Hidden,NSGA-II,376383645,10000,54.67774033546448,100,117901299.45982847,230.95362869616457,2910.8231562692226
Hidden,NSGA-II,1746484539,10000,54.87817716598511,100,132842064.9618235,83.24322646155908,2772.6506393858967
Hidden,NSGA-II,1394609702,10000,53.47934317588806,100,120647073.18874842,205.8393921244594,2436.90661706662
Hidden,NSGA-II,1960127675,10000,55.176393270492554,100,121979057.07438003,162.81092283456292,2543.5101637164344
Hidden,NSGA-II,1081530686,10000,54.021419048309326,100,125478766.29077744,244.83717944563836,2361.1297839340828
Hidden,NSGA-II,1302740407,10000,53.2966845035553,100,117855831.88950858,185.0476661985896,3100.4539172108744
Hidden,NSGA-II,2084654369,10000,53.088847160339355,100,116264435.52188224,226.31584001729928,2727.445930712465
Hidden,NSGA-II,1566581934,10000,55.40502905845642,100,112992711.13122308,249.06619420828508,2808.2531131772107
Hidden,NSGA-II,1357791198,10000,54.830718994140625,100,125118611.56403193,205.73744734574242,2600.722341657973
Hidden,NSGA-II,1167425778,10000,54.89615559577942,100,114005254.44275475,173.74085724335418,2780.1804828611457
Hidden,NSGA-II,1202413557,10000,54.12719011306763,100,133098385.98464346,107.02293090069406,2544.5804051493897
Hidden,NSGA-II,2008052738,10000,54.334741830825806,100,123174594.55563545,131.95337518693805,2903.8680019978337
Hidden,NSGA-II,595598245,10000,53.489450216293335,100,119691871.69821289,176.11652668427138,2429.069190651748
Hidden,NSGA-II,1752032165,10000,53.11293625831604,100,131956471.72257267,183.7545118058873,1953.223261707568
Hidden,NSGA-II,1440696407,10000,54.57185220718384,100,124896369.5799049,128.01579489573786,2578.0651139632523
Hidden,NSGA-II,5880883,10000,55.302733421325684,98,125040134.10270557,201.72993727007122,2643.3972356235276
Hidden,NSGA-II,846428919,10000,53.43908619880676,100,124144353.99030489,208.79864071059632,2287.435126702214
Hidden,NSGA-II,1841261662,10000,53.12992858886719,100,118299608.1348008,182.1944185340102,4119.23731259604
Hidden,NSGA-II,1190382222,10000,57.532817125320435,100,114489271.0407335,166.85992573074182,2876.622102536969
Hidden,NSGA-II,72124473,10000,63.47835302352905,100,132220421.39094663,94.9633117760333,2570.625231523668
Hidden,NSGA-II,1642588603,10000,63.0501594543457,100,122411335.51458843,113.95286244825324,2420.167609106682
Hidden,NSGA-II,1566923138,10000,60.69779586791992,100,129701364.45650883,135.44934541077419,2349.8218983607053
Hidden,MOEA/D,1826701614,10500,77.40139842033386,27,35975776.39311902,102.27318679458548,146.4786496027677
Hidden,MOEA/D,1367864806,10500,78.54397940635681,29,29577608.972038947,39.79904657690608,205.7144608847428
Hidden,MOEA/D,1097657231,10500,76.89104890823364,40,13013631.267810334,97.1242164906135,211.23324008553348
Hidden,MOEA/D,579362555,10500,77.0515787601471,34,31941742.67721362,24.57246102756253,176.88811287207062
Hidden,MOEA/D,661058651,10500,72.94427824020386,61,58262471.980112106,51.76103642944509,257.02877310157015
Hidden,MOEA/D,87989972,10500,74.91299104690552,56,33174605.746209674,34.10276694497962,157.69081040895787
Hidden,MOEA/D,161576974,10500,75.80505585670471,50,21142671.098389268,42.82372382077398,189.8936517273718
Hidden,MOEA/D,35492826,10500,75.32040452957153,28,68293194.95744435,33.50671941140517,296.36211353197086
Hidden,MOEA/D,376383645,10500,76.70603775978088,42,15108509.855372407,50.10441258815238,265.9761469846507
Hidden,MOEA/D,1746484539,10500,76.15482687950134,36,33108326.856222726,33.7973166001514,220.85617479707153
Hidden,MOEA/D,1394609702,10500,74.1736330986023,50,33989635.19732607,31.022406186007828,105.72414984633711
Hidden,MOEA/D,1960127675,10500,74.67043375968933,19,60648100.63869173,60.50083682920081,168.0123583169063
Hidden,MOEA/D,1081530686,10500,75.45161318778992,25,53128468.17860984,147.7962277838033,272.83945427429603
Hidden,MOEA/D,1302740407,10500,74.75095224380493,83,25161721.54666252,136.98703645434054,260.20638620881175
Hidden,MOEA/D,2084654369,10500,76.16323351860046,29,39710016.163860805,68.40401644134154,330.9768269871755
Hidden,MOEA/D,1566581934,10500,76.59401321411133,53,33532467.350728266,40.381422209069534,186.8701454810777
Hidden,MOEA/D,1357791198,10500,73.90735125541687,40,29898843.240968317,27.199344097163678,164.94095146214326
Hidden,MOEA/D,1167425778,10500,76.11594319343567,40,31967779.39772316,258.2384626871665,437.8222072383964
Hidden,MOEA/D,1202413557,10500,74.68778920173645,34,33732161.126517385,94.45555180946474,339.31856767597657
Hidden,MOEA/D,2008052738,10500,75.05895733833313,33,60243064.69736725,15.593117502358078,336.8678449955046
Hidden,MOEA/D,595598245,10500,74.9882435798645,48,35918257.416749135,56.27249220083342,242.24773407004238
Hidden,MOEA/D,1752032165,10500,76.98400521278381,51,15620306.73895736,76.29368989448653,179.798500822827
Hidden,MOEA/D,1440696407,10500,74.96865630149841,43,32258250.453804616,137.1560899356325,275.52123135848893
Hidden,MOEA/D,5880883,10500,77.79830527305603,44,22888641.56515996,252.77618435647628,216.5579140979359
Hidden,MOEA/D,846428919,10500,74.3583128452301,25,50114723.68603189,90.68963688467613,234.68868319082617
Hidden,MOEA/D,1841261662,10500,75.60674047470093,58,41521377.15513761,41.41345871211676,191.14675526895252
Hidden,MOEA/D,1190382222,10500,74.85232591629028,22,40119715.28977494,76.65583106324861,339.28744419275824
Hidden,MOEA/D,72124473,10500,74.94960331916809,37,33575414.35013872,30.439052959776376,219.75365550559067
Hidden,MOEA/D,1642588603,10500,74.37351489067078,38,66778906.410447,152.98087403265387,85.50810710169915
Hidden,MOEA/D,1566923138,10500,74.8182270526886,57,24350096.15868026,53.97685385338427,229.3692876566949
Hidden,PLS,1826701614,10000,43.71281337738037,55,51905253.74498146,1689.7397274365135,1765.2219334510055
Hidden,PLS,1367864806,10000,39.61445713043213,97,35034435.78300822,1670.0527234995557,1852.352207750147
Hidden,PLS,1097657231,10000,37.07408881187439,55,68384804.33375764,848.1600101256439,2475.9016673897318
Hidden,PLS,579362555,10000,36.91820669174194,45,45738712.096456856,1494.6380243083336,1089.6280143258082
Hidden,PLS,661058651,10000,37.332987546920776,38,59253338.24955798,1242.687072456376,1069.3004469251848
Hidden,PLS,87989972,10000,35.720301389694214,17,69161011.90922987,1002.8741535391991,887.6394367940495
Hidden,PLS,161576974,10000,38.47488021850586,26,47536996.32149719,1554.4539301619338,975.7031901761677
Hidden,PLS,35492826,10000,40.97932291030884,56,72159921.6317256,1169.5106884548252,1459.027374982086
Hidden,PLS,376383645,10000,40.97217106819153,85,48924243.08710134,1400.5707098739958,2071.52772711969
Hidden,PLS,1746484539,10000,39.96956992149353,81,50629824.77452662,1578.7688392192601,1535.3994642001794
Hidden,PLS,1394609702,10000,38.01319646835327,54,68475944.0073197,1158.0684555526072,1458.259658592472
Hidden,PLS,1960127675,10000,38.08300280570984,39,63481951.626194745,1306.521574846374,1571.0586522833717
Hidden,PLS,1081530686,10000,41.9963219165802,76,56468693.81943624,1135.3748762879165,2182.9156627868165
Hidden,PLS,1302740407,10000,40.64854097366333,63,49885802.41656783,1269.2497037354383,1485.1937262390675
Hidden,PLS,2084654369,10000,39.487958669662476,81,53855955.25930398,1200.8381367880938,1936.44056462382
Hidden,PLS,1566581934,10000,40.34001278877258,38,68776685.78005886,984.0469006150784,1063.4675568776368
Hidden,PLS,1357791198,10000,40.343626737594604,44,43801951.944599405,1748.3266835766221,1509.3031726803506
Hidden,PLS,1167425778,10000,39.932730197906494,42,81700236.81402849,861.4507976290218,2198.3857990391934
Hidden,PLS,1202413557,10000,39.7124662399292,31,60793638.631515935,1441.000440511165,816.7337292505496
Hidden,PLS,2008052738,10000,40.35003662109375,61,42083854.19278291,1385.5000559621994,2307.8104669954623
Hidden,PLS,595598245,10000,38.06682014465332,33,53744454.53139253,1415.920330198555,1196.934010870087
Hidden,PLS,1752032165,10000,39.62524151802063,38,74476397.89621432,942.5945942262663,1695.9444526733882
Hidden,PLS,1440696407,10000,40.261651277542114,63,57593740.91318627,1413.9315391674554,1298.2778630495784
Hidden,PLS,5880883,10000,42.43094229698181,98,51103986.79528219,1163.0850384397538,2653.232249996681
Hidden,PLS,846428919,10000,40.00103712081909,34,33462630.002777763,1923.501490716664,1778.3956961539704
Hidden,PLS,1841261662,10000,39.45287322998047,61,46786419.88385853,1628.835108112176,1318.990382546644
Hidden,PLS,1190382222,10000,40.16118264198303,48,55878743.0797241,1287.7324229609376,2225.656317631855
Hidden,PLS,72124473,10000,39.043060541152954,72,72005980.03378668,799.2726251734081,2021.4396791410795
Hidden,PLS,1642588603,10000,39.99700975418091,91,62991108.71888572,1050.2354572995266,1580.0529456775646
Hidden,PLS,1566923138,10000,38.731497049331665,44,51813694.307738416,1480.702092364415,1169.1572628229783
Hidden,Graph-PMX NSGA-II,1826701614,10000,63.01710271835327,100,118023106.17528276,107.94404319602491,3243.2458148305127
Hidden,Graph-PMX NSGA-II,1367864806,10000,58.77953839302063,100,132983020.4047884,121.11236610941894,2411.3231501150153
Hidden,Graph-PMX NSGA-II,1097657231,10000,59.07947301864624,100,124126126.62625879,149.3755441392873,3050.693125407043
Hidden,Graph-PMX NSGA-II,579362555,10000,72.0367386341095,100,125774400.28618777,185.4345126291861,2783.4558078583887
Hidden,Graph-PMX NSGA-II,661058651,10000,71.16919541358948,100,129149692.54171488,77.78989577918341,2688.5025350166425
Hidden,Graph-PMX NSGA-II,87989972,10000,63.761194705963135,100,128419165.60845965,128.71746239795442,3686.9989691976084
Hidden,Graph-PMX NSGA-II,161576974,10000,63.06304097175598,100,128229096.10788526,112.32028215521865,3012.519558325617
Hidden,Graph-PMX NSGA-II,35492826,10000,62.066410779953,100,125832045.00914575,126.3390589862544,3266.2981791643188
Hidden,Graph-PMX NSGA-II,376383645,10000,66.13809370994568,100,119583944.7321132,171.28752392817216,2731.312807700947
Hidden,Graph-PMX NSGA-II,1746484539,10000,63.97358465194702,100,122618194.53854941,214.01726333254558,3809.1702772909953
Hidden,Graph-PMX NSGA-II,1394609702,10000,64.16605854034424,100,118568604.24021882,120.72678336246746,3631.5878590205907
Hidden,Graph-PMX NSGA-II,1960127675,10000,62.39662742614746,100,136213203.8752188,112.14549893673716,2746.8150665702597
Hidden,Graph-PMX NSGA-II,1081530686,10000,62.4168918132782,100,129626924.22725025,132.4773934043117,3553.3483137853086
Hidden,Graph-PMX NSGA-II,1302740407,10000,62.895079374313354,100,125577908.1968809,160.75290235156413,3543.4388230051
Hidden,Graph-PMX NSGA-II,2084654369,10000,68.99026036262512,100,139431509.30175984,120.84110303040025,3442.8096971625077
Hidden,Graph-PMX NSGA-II,1566581934,10000,63.81723976135254,100,125754720.83704886,162.80816557983707,3075.2255512810752
Hidden,Graph-PMX NSGA-II,1357791198,10000,64.45286083221436,100,120412055.73083147,103.54730212094972,2812.9172249109824
Hidden,Graph-PMX NSGA-II,1167425778,10000,62.8294312953949,100,126847509.97277452,147.67298997488783,2460.679246162673
Hidden,Graph-PMX NSGA-II,1202413557,10000,65.89907383918762,100,130800045.62829876,122.39653942601548,3025.913886613165
Hidden,Graph-PMX NSGA-II,2008052738,10000,62.50489592552185,100,111917084.75178388,215.95782770242042,4602.374463415045
Hidden,Graph-PMX NSGA-II,595598245,10000,62.786561012268066,100,124120384.35070172,170.9144751129128,3383.522077395737
Hidden,Graph-PMX NSGA-II,1752032165,10000,63.5535991191864,100,124270453.48088074,140.55104008196787,3156.017039252624
Hidden,Graph-PMX NSGA-II,1440696407,10000,67.29893231391907,100,129792513.8836829,75.53906336351935,3403.9652950963064
Hidden,Graph-PMX NSGA-II,5880883,10000,64.18492650985718,100,113780046.89588192,142.71161003945124,4094.5230072565
Hidden,Graph-PMX NSGA-II,846428919,10000,62.890026330947876,100,119373482.54565859,116.14558593931513,2636.906574209898
Hidden,Graph-PMX NSGA-II,1841261662,10000,62.25912404060364,100,134093647.33989741,108.15421105492048,2995.408559815516
Hidden,Graph-PMX NSGA-II,1190382222,10000,61.973660469055176,100,124596736.53628737,202.12313739689966,2992.8562823757284
Hidden,Graph-PMX NSGA-II,72124473,10000,61.81705832481384,100,134954591.14067987,114.30051580719953,3673.727527643471
Hidden,Graph-PMX NSGA-II,1642588603,10000,63.13190460205078,100,131826345.71696916,152.17178274251572,3380.1727942285324
Hidden,Graph-PMX NSGA-II,1566923138,10000,65.07354974746704,100,126767435.62141073,105.22308862426827,3434.273409435602
